{"FUopVp8Jbj7jPoUDBWdviw==":"macho-alfa-400-1024x682.jpg","T8RoQqLy1Fjc5i6QxVo7iA==":"ssi_20150518163043_v-520x384.jpg","+um0fBlbwSCni7HNxUTF3Q==":"download-292x173.jpg","XHY4mmDCq6/u9dEjR4SbPQ==":"conversar-436x262.jpg","CmsVk3KEKDdMU7/oeqz3fw==":"hqdefault-480x360.jpg","XVFe3gBEPJEjavwySAW/uQ==":"sorte-com-mulheres-676x391.jpg","7b+T/6bRUHvmzpZt4loGGw==":"p000005520-400x225.jpg","DT47twJfq2J9jvDhnBcFhA==":"homem-varias-mulheres-436x213.jpg","bGCE8XNNNjGDROI5k3FW2g==":"botaocomprar-450x200.jpg","fZM9EEfIMCnVnedOJRqu1A==":"selo-de-garantia-7-dias-1-260x231.png","PDZ5Eq2MmKtX6QzTbt04oQ==":"download-325x155.jpg"}